CREATE DATABASE PETSHOP;
USE PETSHOP;

CREATE TABLE CLIENTE(CPF varchar(11), NOME varchar(100),
primary key(CPF));

CREATE TABLE LOJA(TICKET INT, DATA_COMPRA DATE, DESCRICAO varchar(50),
QUANTIDADE INT, PRECO decimal(6, 2), CPF_FK varchar(11),
foreign key(CPF_FK) references CLIENTE(CPF) ,primary key(TICKET));

CREATE TABLE ANIMAL (CODIGO INT,
 NOME varchar(50),
 RACA varchar(30),
 ESPECIE varchar(30),
 SEXO varchar(1),
 DATA_NASCIMENTO DATE,
 CPF_FK varchar(11),
 foreign key(CPF_FK) references CLIENTE(CPF),
 primary key (CODIGO));
 
CREATE TABLE CONSULTA (CODIGO INT,
 PRECO decimal(6, 2),
 DESCRICAO varchar(50),
 CRMV varchar(11),
 DATA_ATENDIMENTO DATE,
 CODIGO_FK INT,
 foreign key(CODIGO_FK) references ANIMAL(CODIGO),
 primary key (CODIGO));
 
CREATE TABLE VACINA (CODIGO INT,
 PRECO decimal(6, 2),
 DATA_APLICACAO DATE,
 LOTE varchar(11),
 DOENCA varchar(30),
 CODIGO_FK INT,
 foreign key(CODIGO_FK) references ANIMAL(CODIGO),
 primary key (CODIGO));

INSERT INTO CLIENTE (CPF, NOME) value (11111111111, 'Joao');
INSERT INTO CLIENTE (CPF, NOME) value (22222222222, 'Maria');
INSERT INTO CLIENTE (CPF, NOME) value (33333333333, 'José');
INSERT INTO CLIENTE (CPF, NOME) value (44444444444, 'Bruno');
INSERT INTO CLIENTE (CPF, NOME) value (55555555555, 'Fulano');
INSERT INTO CLIENTE (CPF, NOME) value (66666666666, 'Ciclano');
# asdasd
INSERT INTO LOJA(TICKET, DATA_COMPRA , DESCRICAO ,QUANTIDADE , PRECO, CPF_FK )VALUE (1, '2018-04-02', 'Bola', 2, 22.6, 11111111111);
 
INSERT INTO LOJA(TICKET, DATA_COMPRA , DESCRICAO ,QUANTIDADE , PRECO, CPF_FK )VALUE (2, '2018-03-12', 'Coleira', 1, 5.0, 22222222222);
 
INSERT INTO LOJA(TICKET, DATA_COMPRA , DESCRICAO ,QUANTIDADE , PRECO, CPF_FK )VALUE (3, '2018-03-12', 'Osso de brinquedo', 2, 2.5, 22222222222);
 
INSERT INTO LOJA(TICKET, DATA_COMPRA , DESCRICAO ,QUANTIDADE , PRECO, CPF_FK )VALUE (4, '2018-09-13', 'Comprou uma bola', 2, 22.6, 44444444444);
 
INSERT INTO LOJA(TICKET, DATA_COMPRA , DESCRICAO ,QUANTIDADE , PRECO, CPF_FK )VALUE (5, '2018-11-02', 'Racao', 1, 42.2, 55555555555);
 
INSERT INTO LOJA(TICKET, DATA_COMPRA , DESCRICAO ,QUANTIDADE , PRECO, CPF_FK )VALUE (6, '2018-11-02', 'Remedio', 2, 13.75, 66666666666);
 # asdasd
  INSERT INTO ANIMAL
 (CODIGO, NOME , RACA , ESPECIE , SEXO , DATA_NASCIMENTO, CPF_FK ) VALUES
 (1, 'Bolinha', 'pudol', 'cachorro', 'M', '2016-05-05',11111111111 );
 INSERT INTO ANIMAL
 (CODIGO, NOME , RACA , ESPECIE , SEXO , DATA_NASCIMENTO, CPF_FK ) VALUES
 (2, 'Pipoca', 'lhasa', 'cachorro', 'F', '2008-12-15',22222222222 );
 INSERT INTO ANIMAL
 (CODIGO, NOME , RACA , ESPECIE , SEXO , DATA_NASCIMENTO, CPF_FK ) VALUES
 (3, 'Mia', 'Siames', 'gato', 'F', '2013-01-02',33333333333);
 INSERT INTO ANIMAL
 (CODIGO, NOME , RACA , ESPECIE , SEXO , DATA_NASCIMENTO, CPF_FK ) VALUES
 (4, 'Pateta', 'vira lata', 'gato', 'F', '2014-04-20',44444444444);
  INSERT INTO ANIMAL
 (CODIGO, NOME , RACA , ESPECIE , SEXO , DATA_NASCIMENTO, CPF_FK ) VALUES
 (5, 'Male', 'vira lata', 'gato', 'F', '2014-04-20', 55555555555);
  INSERT INTO ANIMAL
 (CODIGO, NOME , RACA , ESPECIE , SEXO , DATA_NASCIMENTO, CPF_FK ) VALUES
 (6, 'Roberto', 'vira lata', 'cachorro', 'M',null,66666666666);
 #asasd
 INSERT INTO CONSULTA (CODIGO , PRECO , DESCRICAO, CRMV , DATA_ATENDIMENTO , CODIGO_FK ) VALUE
(1, 10, 'Checkup', 12312312312, '2018-10-9', 1);
INSERT INTO CONSULTA (CODIGO , PRECO , DESCRICAO, CRMV , DATA_ATENDIMENTO , CODIGO_FK ) VALUE
(2, 10, 'Checkup', 12312312312, '2018-11-9', 2);
INSERT INTO CONSULTA (CODIGO , PRECO , DESCRICAO, CRMV , DATA_ATENDIMENTO , CODIGO_FK ) VALUE
(3, 10, 'Checkup', 12312312312, '2018-12-9', 3);
INSERT INTO CONSULTA (CODIGO , PRECO , DESCRICAO, CRMV , DATA_ATENDIMENTO , CODIGO_FK ) VALUE
(4, 10, 'Checkup', 12312312312, '2018-09-10', 4);
INSERT INTO CONSULTA (CODIGO , PRECO , DESCRICAO, CRMV , DATA_ATENDIMENTO , CODIGO_FK ) VALUE
(5, 10, 'Checkup', 12312312312, '2018-09-19', 5);
INSERT INTO CONSULTA (CODIGO , PRECO , DESCRICAO, CRMV , DATA_ATENDIMENTO , CODIGO_FK ) VALUE
(6, 10, 'Checkup', 12312312312, '2018-09-12', 6);
#asasd
INSERT INTO VACINA (CODIGO, PRECO , DATA_APLICACAO , LOTE , DOENCA , CODIGO_FK ) VALUE
(1, 12.5, '2018-09-12', 'LOTE 112', 'Gripe', 1);
INSERT INTO VACINA (CODIGO, PRECO , DATA_APLICACAO , LOTE , DOENCA , CODIGO_FK ) VALUE
(2, 12.5, '2018-09-15', 'LOTE 112', 'Gripe', 2);
INSERT INTO VACINA (CODIGO, PRECO , DATA_APLICACAO , LOTE , DOENCA , CODIGO_FK ) VALUE
(3, 52.5, '2018-09-22', 'LOTE 112', 'Tosse', 3);
INSERT INTO VACINA (CODIGO, PRECO , DATA_APLICACAO , LOTE , DOENCA , CODIGO_FK ) VALUE
(4, 12.5, '2019-05-12', 'LOTE 115', 'Gripe', 1);
INSERT INTO VACINA (CODIGO, PRECO , DATA_APLICACAO , LOTE , DOENCA , CODIGO_FK ) VALUE
(5, 12.5, '2019-06-13', 'LOTE 115', 'Gripe', 1);
INSERT INTO VACINA (CODIGO, PRECO , DATA_APLICACAO , LOTE , DOENCA , CODIGO_FK ) VALUE
(6, 12.5, '2019-09-12','LOTE 116', 'Gripe', 4);

SELECT * FROM CLIENTE;
SELECT * FROM ANIMAL;
SELECT * FROM CONSULTA;
SELECT * FROM VACINA;
SELECT * FROM LOJA;

SELECT * FROM CLIENTE WHERE nome LIKE '%a%';
SELECT * FROM ANIMAL WHERE nome LIKE 'b%';
SELECT * FROM VACINA WHERE LOTE LIKE '%115%';
SELECT * FROM CONSULTA WHERE DATA_ATENDIMENTO ='2018-10-09';
